signer0_sample1034,0
signer0_sample1044,0
signer0_sample1219,0
signer0_sample431,0
signer0_sample515,0
signer0_sample892,0
signer0_sample109,1
signer0_sample1271,1
signer0_sample25,1
signer0_sample276,1
signer0_sample453,1
signer0_sample617,1
signer0_sample1019,2
signer0_sample1223,2
signer0_sample130,2
signer0_sample204,2
signer0_sample46,2
signer0_sample994,2
signer0_sample209,3
signer0_sample231,3
signer0_sample247,3
signer0_sample507,3
signer0_sample83,3
signer0_sample936,3
signer0_sample1086,4
signer0_sample1142,4
signer0_sample465,4
signer0_sample699,4
signer0_sample864,4
signer0_sample997,4
signer0_sample1107,5
signer0_sample16,5
signer0_sample236,5
signer0_sample29,5
signer0_sample670,5
signer0_sample737,5
signer0_sample1203,6
signer0_sample434,6
signer0_sample535,6
signer0_sample61,6
signer0_sample775,6
signer0_sample891,6
signer0_sample1061,7
signer0_sample1285,7
signer0_sample1293,7
signer0_sample341,7
signer0_sample812,7
signer0_sample940,7
signer0_sample100,8
signer0_sample30,8
signer0_sample492,8
signer0_sample661,8
signer0_sample755,8
signer0_sample990,8
signer0_sample1089,9
signer0_sample1114,9
signer0_sample1141,9
signer0_sample193,9
signer0_sample472,9
signer0_sample474,9
signer0_sample1018,10
signer0_sample1057,10
signer0_sample1265,10
signer0_sample1266,10
signer0_sample695,10
signer0_sample794,10
signer0_sample1310,11
signer0_sample207,11
signer0_sample487,11
signer0_sample70,11
signer0_sample73,11
signer0_sample907,11
signer0_sample548,12
signer0_sample650,12
signer0_sample713,12
signer0_sample792,12
signer0_sample873,12
signer0_sample956,12
signer0_sample1170,13
signer0_sample1200,13
signer0_sample1252,13
signer0_sample466,13
signer0_sample897,13
signer0_sample94,13
signer0_sample1039,14
signer0_sample1091,14
signer0_sample1281,14
signer0_sample171,14
signer0_sample245,14
signer0_sample597,14
signer0_sample258,15
signer0_sample359,15
signer0_sample390,15
signer0_sample488,15
signer0_sample590,15
signer0_sample841,15
signer0_sample1064,16
signer0_sample1140,16
signer0_sample313,16
signer0_sample477,16
signer0_sample59,16
signer0_sample654,16
signer0_sample1193,17
signer0_sample421,17
signer0_sample445,17
signer0_sample766,17
signer0_sample780,17
signer0_sample791,17
signer0_sample1030,18
signer0_sample1088,18
signer0_sample113,18
signer0_sample1179,18
signer0_sample372,18
signer0_sample501,18
signer0_sample10,19
signer0_sample1163,19
signer0_sample1168,19
signer0_sample136,19
signer0_sample72,19
signer0_sample767,19
signer0_sample1022,20
signer0_sample1028,20
signer0_sample1160,20
signer0_sample1213,20
signer0_sample370,20
signer0_sample708,20
signer0_sample261,21
signer0_sample444,21
signer0_sample456,21
signer0_sample591,21
signer0_sample630,21
signer0_sample831,21
signer0_sample1138,22
signer0_sample1231,22
signer0_sample1246,22
signer0_sample419,22
signer0_sample498,22
signer0_sample779,22
signer0_sample1255,23
signer0_sample172,23
signer0_sample413,23
signer0_sample593,23
signer0_sample85,23
signer0_sample906,23
signer0_sample1035,24
signer0_sample214,24
signer0_sample266,24
signer0_sample490,24
signer0_sample58,24
signer0_sample943,24
signer0_sample184,25
signer0_sample340,25
signer0_sample402,25
signer0_sample427,25
signer0_sample56,25
signer0_sample965,25
signer0_sample1161,26
signer0_sample1225,26
signer0_sample290,26
signer0_sample4,26
signer0_sample527,26
signer0_sample973,26
signer0_sample1191,27
signer0_sample123,27
signer0_sample1331,27
signer0_sample380,27
signer0_sample559,27
signer0_sample797,27
signer0_sample1155,28
signer0_sample1259,28
signer0_sample1324,28
signer0_sample17,28
signer0_sample439,28
signer0_sample609,28
signer0_sample1078,29
signer0_sample433,29
signer0_sample459,29
signer0_sample750,29
signer0_sample798,29
signer0_sample884,29
signer0_sample1021,30
signer0_sample1076,30
signer0_sample1100,30
signer0_sample1166,30
signer0_sample966,30
signer0_sample987,30
signer0_sample1103,31
signer0_sample1118,31
signer0_sample1323,31
signer0_sample306,31
signer0_sample463,31
signer0_sample652,31
signer0_sample1062,32
signer0_sample1308,32
signer0_sample516,32
signer0_sample627,32
signer0_sample674,32
signer0_sample933,32
signer0_sample1288,33
signer0_sample1298,33
signer0_sample1340,33
signer0_sample69,33
signer0_sample718,33
signer0_sample852,33
signer0_sample1143,34
signer0_sample1330,34
signer0_sample169,34
signer0_sample295,34
signer0_sample615,34
signer0_sample752,34
signer0_sample111,35
signer0_sample1178,35
signer0_sample1227,35
signer0_sample250,35
signer0_sample330,35
signer0_sample96,35
signer0_sample1003,36
signer0_sample1071,36
signer0_sample1133,36
signer0_sample1257,36
signer0_sample623,36
signer0_sample995,36
signer0_sample1096,37
signer0_sample1147,37
signer0_sample1207,37
signer0_sample189,37
signer0_sample352,37
signer0_sample356,37
signer0_sample150,38
signer0_sample312,38
signer0_sample531,38
signer0_sample605,38
signer0_sample785,38
signer0_sample942,38
signer0_sample1329,39
signer0_sample260,39
signer0_sample524,39
signer0_sample556,39
signer0_sample838,39
signer0_sample950,39
signer0_sample1081,40
signer0_sample1251,40
signer0_sample1286,40
signer0_sample394,40
signer0_sample426,40
signer0_sample774,40
signer0_sample1,41
signer0_sample1137,41
signer0_sample808,41
signer0_sample902,41
signer0_sample970,41
signer0_sample983,41
signer0_sample157,42
signer0_sample219,42
signer0_sample582,42
signer0_sample727,42
signer0_sample809,42
signer0_sample937,42
signer0_sample1233,43
signer0_sample339,43
signer0_sample576,43
signer0_sample687,43
signer0_sample923,43
signer0_sample960,43
signer0_sample1053,44
signer0_sample257,44
signer0_sample724,44
signer0_sample786,44
signer0_sample918,44
signer0_sample985,44
signer0_sample1254,45
signer0_sample1274,45
signer0_sample1339,45
signer0_sample481,45
signer0_sample824,45
signer0_sample927,45
signer0_sample1316,46
signer0_sample164,46
signer0_sample464,46
signer0_sample508,46
signer0_sample620,46
signer0_sample889,46
signer0_sample1024,47
signer0_sample1102,47
signer0_sample162,47
signer0_sample239,47
signer0_sample301,47
signer0_sample41,47
signer0_sample1067,48
signer0_sample1130,48
signer0_sample1260,48
signer0_sample744,48
signer0_sample803,48
signer0_sample846,48
signer0_sample1327,49
signer0_sample349,49
signer0_sample575,49
signer0_sample598,49
signer0_sample62,49
signer0_sample799,49
signer0_sample128,50
signer0_sample177,50
signer0_sample275,50
signer0_sample316,50
signer0_sample401,50
signer0_sample547,50
signer0_sample1267,51
signer0_sample319,51
signer0_sample771,51
signer0_sample795,51
signer0_sample870,51
signer0_sample881,51
signer0_sample1148,52
signer0_sample1228,52
signer0_sample1313,52
signer0_sample845,52
signer0_sample898,52
signer0_sample91,52
signer0_sample1134,53
signer0_sample1345,53
signer0_sample215,53
signer0_sample33,53
signer0_sample702,53
signer0_sample765,53
signer0_sample1116,54
signer0_sample1239,54
signer0_sample1302,54
signer0_sample408,54
signer0_sample533,54
signer0_sample733,54
signer0_sample1154,55
signer0_sample1217,55
signer0_sample1270,55
signer0_sample1273,55
signer0_sample141,55
signer0_sample677,55
signer0_sample1125,56
signer0_sample322,56
signer0_sample358,56
signer0_sample447,56
signer0_sample77,56
signer0_sample886,56
signer0_sample1186,57
signer0_sample1220,57
signer0_sample147,57
signer0_sample235,57
signer0_sample530,57
signer0_sample730,57
signer0_sample104,58
signer0_sample1221,58
signer0_sample144,58
signer0_sample197,58
signer0_sample410,58
signer0_sample749,58
signer0_sample1184,59
signer0_sample1196,59
signer0_sample1336,59
signer0_sample185,59
signer0_sample321,59
signer0_sample40,59
signer0_sample323,60
signer0_sample342,60
signer0_sample357,60
signer0_sample599,60
signer0_sample621,60
signer0_sample722,60
signer0_sample152,61
signer0_sample486,61
signer0_sample539,61
signer0_sample566,61
signer0_sample753,61
signer0_sample939,61
signer0_sample1013,62
signer0_sample1093,62
signer0_sample181,62
signer0_sample318,62
signer0_sample560,62
signer0_sample93,62
signer0_sample273,63
signer0_sample281,63
signer0_sample299,63
signer0_sample338,63
signer0_sample39,63
signer0_sample563,63
signer0_sample1307,64
signer0_sample190,64
signer0_sample279,64
signer0_sample789,64
signer0_sample843,64
signer0_sample878,64
signer0_sample1209,65
signer0_sample1299,65
signer0_sample255,65
signer0_sample741,65
signer0_sample770,65
signer0_sample865,65
signer0_sample1075,66
signer0_sample21,66
signer0_sample367,66
signer0_sample579,66
signer0_sample663,66
signer0_sample714,66
signer0_sample1037,67
signer0_sample1284,67
signer0_sample226,67
signer0_sample274,67
signer0_sample717,67
signer0_sample934,67
signer0_sample1224,68
signer0_sample1279,68
signer0_sample149,68
signer0_sample280,68
signer0_sample284,68
signer0_sample351,68
signer0_sample1059,69
signer0_sample1079,69
signer0_sample1136,69
signer0_sample1192,69
signer0_sample135,69
signer0_sample523,69
signer0_sample192,70
signer0_sample268,70
signer0_sample369,70
signer0_sample455,70
signer0_sample646,70
signer0_sample820,70
signer0_sample1108,71
signer0_sample129,71
signer0_sample35,71
signer0_sample471,71
signer0_sample577,71
signer0_sample790,71
signer0_sample1181,72
signer0_sample213,72
signer0_sample412,72
signer0_sample759,72
signer0_sample836,72
signer0_sample909,72
signer0_sample1180,73
signer0_sample256,73
signer0_sample262,73
signer0_sample47,73
signer0_sample635,73
signer0_sample769,73
signer0_sample1258,74
signer0_sample391,74
signer0_sample436,74
signer0_sample526,74
signer0_sample624,74
signer0_sample964,74
signer0_sample1010,75
signer0_sample1303,75
signer0_sample628,75
signer0_sample697,75
signer0_sample79,75
signer0_sample811,75
signer0_sample1202,76
signer0_sample20,76
signer0_sample350,76
signer0_sample393,76
signer0_sample758,76
signer0_sample938,76
signer0_sample1151,77
signer0_sample1172,77
signer0_sample240,77
signer0_sample404,77
signer0_sample432,77
signer0_sample517,77
signer0_sample1052,78
signer0_sample1301,78
signer0_sample242,78
signer0_sample303,78
signer0_sample637,78
signer0_sample863,78
signer0_sample1210,79
signer0_sample1229,79
signer0_sample1250,79
signer0_sample143,79
signer0_sample307,79
signer0_sample518,79
signer0_sample1046,80
signer0_sample720,80
signer0_sample76,80
signer0_sample1127,81
signer0_sample1150,81
signer0_sample296,81
signer0_sample719,81
signer0_sample754,81
signer0_sample924,81
signer0_sample1158,82
signer0_sample249,82
signer0_sample475,82
signer0_sample675,82
signer0_sample761,82
signer0_sample974,82
signer0_sample1009,83
signer0_sample1015,83
signer0_sample137,83
signer0_sample450,83
signer0_sample557,83
signer0_sample806,83
signer0_sample1029,84
signer0_sample210,84
signer0_sample332,84
signer0_sample392,84
signer0_sample480,84
signer0_sample825,84
signer0_sample1090,85
signer0_sample520,85
signer0_sample54,85
signer0_sample847,85
signer0_sample920,85
signer0_sample953,85
signer0_sample1256,86
signer0_sample1305,86
signer0_sample211,86
signer0_sample483,86
signer0_sample710,86
signer0_sample911,86
signer0_sample1341,87
signer0_sample232,87
signer0_sample326,87
signer0_sample499,87
signer0_sample823,87
signer0_sample98,87
signer0_sample1204,88
signer0_sample1290,88
signer0_sample300,88
signer0_sample343,88
signer0_sample361,88
signer0_sample636,88
signer0_sample220,89
signer0_sample376,89
signer0_sample43,89
signer0_sample814,89
signer0_sample904,89
signer0_sample928,89
signer0_sample1146,90
signer0_sample1241,90
signer0_sample506,90
signer0_sample712,90
signer0_sample844,90
signer0_sample869,90
signer0_sample1189,91
signer0_sample1232,91
signer0_sample1304,91
signer0_sample1315,91
signer0_sample468,91
signer0_sample473,91
signer0_sample1129,92
signer0_sample1211,92
signer0_sample638,92
signer0_sample649,92
signer0_sample679,92
signer0_sample721,92
signer0_sample1177,93
signer0_sample335,93
signer0_sample440,93
signer0_sample594,93
signer0_sample723,93
signer0_sample858,93
signer0_sample107,94
signer0_sample1291,94
signer0_sample246,94
signer0_sample405,94
signer0_sample694,94
signer0_sample71,94
signer0_sample195,95
signer0_sample665,95
signer0_sample681,95
signer0_sample760,95
signer0_sample848,95
signer0_sample866,95
signer0_sample1060,96
signer0_sample1087,96
signer0_sample1283,96
signer0_sample430,96
signer0_sample448,96
signer0_sample910,96
signer0_sample1002,97
signer0_sample121,97
signer0_sample38,97
signer0_sample645,97
signer0_sample867,97
signer0_sample984,97
signer0_sample1124,98
signer0_sample1282,98
signer0_sample145,98
signer0_sample174,98
signer0_sample212,98
signer0_sample267,98
signer0_sample1135,99
signer0_sample1300,99
signer0_sample1333,99
signer0_sample1349,99
signer0_sample678,99
signer0_sample768,99
signer0_sample476,100
signer0_sample502,100
signer0_sample52,100
signer0_sample546,100
signer0_sample689,100
signer0_sample696,100
signer0_sample1005,101
signer0_sample1048,101
signer0_sample122,101
signer0_sample1278,101
signer0_sample292,101
signer0_sample862,101
signer0_sample1043,102
signer0_sample1292,102
signer0_sample146,102
signer0_sample458,102
signer0_sample9,102
signer0_sample999,102
signer0_sample106,103
signer0_sample1276,103
signer0_sample314,103
signer0_sample634,103
signer0_sample736,103
signer0_sample908,103
signer0_sample1042,104
signer0_sample1230,104
signer0_sample2,104
signer0_sample248,104
signer0_sample331,104
signer0_sample745,104
signer0_sample159,105
signer0_sample705,105
signer0_sample793,105
signer0_sample854,105
signer0_sample890,105
signer0_sample969,105
signer0_sample1296,106
signer0_sample395,106
signer0_sample45,106
signer0_sample505,106
signer0_sample742,106
signer0_sample872,106
signer0_sample1169,107
signer0_sample1297,107
signer0_sample1318,107
signer0_sample148,107
signer0_sample397,107
signer0_sample763,107
signer0_sample1175,108
signer0_sample1314,108
signer0_sample406,108
signer0_sample414,108
signer0_sample644,108
signer0_sample972,108
signer0_sample1012,109
signer0_sample1322,109
signer0_sample168,109
signer0_sample461,109
signer0_sample778,109
signer0_sample901,109
signer0_sample1159,110
signer0_sample1280,110
signer0_sample282,110
signer0_sample509,110
signer0_sample743,110
signer0_sample929,110
signer0_sample1084,111
signer0_sample1187,111
signer0_sample317,111
signer0_sample610,111
signer0_sample773,111
signer0_sample839,111
signer0_sample1004,112
signer0_sample1275,112
signer0_sample259,112
signer0_sample353,112
signer0_sample534,112
signer0_sample880,112
signer0_sample230,113
signer0_sample234,113
signer0_sample375,113
signer0_sample611,113
signer0_sample834,113
signer0_sample860,113
signer0_sample1245,114
signer0_sample328,114
signer0_sample564,114
signer0_sample578,114
signer0_sample97,114
signer0_sample982,114
signer0_sample1198,115
signer0_sample182,115
signer0_sample229,115
signer0_sample265,115
signer0_sample495,115
signer0_sample65,115
signer0_sample1240,116
signer0_sample160,116
signer0_sample161,116
signer0_sample34,116
signer0_sample89,116
signer0_sample922,116
signer0_sample1011,117
signer0_sample1065,117
signer0_sample1182,117
signer0_sample224,117
signer0_sample437,117
signer0_sample479,117
signer0_sample1006,118
signer0_sample1347,118
signer0_sample37,118
signer0_sample489,118
signer0_sample631,118
signer0_sample996,118
signer0_sample124,119
signer0_sample586,119
signer0_sample726,119
signer0_sample894,119
signer0_sample949,119
signer0_sample979,119
signer0_sample1112,120
signer0_sample1174,120
signer0_sample216,120
signer0_sample309,120
signer0_sample420,120
signer0_sample549,120
signer0_sample1236,121
signer0_sample288,121
signer0_sample500,121
signer0_sample671,121
signer0_sample818,121
signer0_sample931,121
signer0_sample1092,122
signer0_sample1226,122
signer0_sample183,122
signer0_sample48,122
signer0_sample510,122
signer0_sample684,122
signer0_sample188,123
signer0_sample360,123
signer0_sample371,123
signer0_sample383,123
signer0_sample550,123
signer0_sample830,123
signer0_sample1104,124
signer0_sample1328,124
signer0_sample140,124
signer0_sample286,124
signer0_sample683,124
signer0_sample896,124
signer0_sample1105,125
signer0_sample325,125
signer0_sample379,125
signer0_sample503,125
signer0_sample562,125
signer0_sample732,125
signer0_sample324,126
signer0_sample354,126
signer0_sample382,126
signer0_sample386,126
signer0_sample656,126
signer0_sample657,126
signer0_sample1008,127
signer0_sample1157,127
signer0_sample27,127
signer0_sample542,127
signer0_sample700,127
signer0_sample887,127
signer0_sample1205,128
signer0_sample1325,128
signer0_sample244,128
signer0_sample513,128
signer0_sample693,128
signer0_sample827,128
signer0_sample1109,129
signer0_sample1121,129
signer0_sample1244,129
signer0_sample690,129
signer0_sample957,129
signer0_sample989,129
signer0_sample1326,130
signer0_sample14,130
signer0_sample178,130
signer0_sample561,130
signer0_sample729,130
signer0_sample92,130
signer0_sample1082,131
signer0_sample706,131
signer0_sample715,131
signer0_sample78,131
signer0_sample930,131
signer0_sample992,131
signer0_sample114,132
signer0_sample271,132
signer0_sample298,132
signer0_sample788,132
signer0_sample859,132
signer0_sample946,132
signer0_sample1077,133
signer0_sample1201,133
signer0_sample364,133
signer0_sample484,133
signer0_sample569,133
signer0_sample60,133
signer0_sample223,134
signer0_sample42,134
signer0_sample429,134
signer0_sample800,134
signer0_sample82,134
signer0_sample945,134
signer0_sample1055,135
signer0_sample133,135
signer0_sample388,135
signer0_sample446,135
signer0_sample470,135
signer0_sample756,135
signer0_sample1262,136
signer0_sample1269,136
signer0_sample127,136
signer0_sample158,136
signer0_sample522,136
signer0_sample616,136
signer0_sample1074,137
signer0_sample315,137
signer0_sample454,137
signer0_sample596,137
signer0_sample734,137
signer0_sample783,137
signer0_sample1026,138
signer0_sample1080,138
signer0_sample217,138
signer0_sample308,138
signer0_sample418,138
signer0_sample857,138
signer0_sample1056,139
signer0_sample50,139
signer0_sample552,139
signer0_sample651,139
signer0_sample7,139
signer0_sample967,139
signer0_sample1332,140
signer0_sample294,140
signer0_sample378,140
signer0_sample504,140
signer0_sample6,140
signer0_sample691,140
signer0_sample1036,141
signer0_sample118,141
signer0_sample1321,141
signer0_sample345,141
signer0_sample571,141
signer0_sample951,141
signer0_sample1050,142
signer0_sample1295,142
signer0_sample228,142
signer0_sample514,142
signer0_sample801,142
signer0_sample903,142
signer0_sample1017,143
signer0_sample1113,143
signer0_sample12,143
signer0_sample291,143
signer0_sample441,143
signer0_sample452,143
signer0_sample102,144
signer0_sample125,144
signer0_sample618,144
signer0_sample668,144
signer0_sample81,144
signer0_sample986,144
signer0_sample1111,145
signer0_sample26,145
signer0_sample428,145
signer0_sample482,145
signer0_sample664,145
signer0_sample915,145
signer0_sample1115,146
signer0_sample592,146
signer0_sample660,146
signer0_sample711,146
signer0_sample75,146
signer0_sample807,146
signer0_sample1249,147
signer0_sample22,147
signer0_sample416,147
signer0_sample751,147
signer0_sample888,147
signer0_sample991,147
signer0_sample1070,148
signer0_sample1264,148
signer0_sample1317,148
signer0_sample544,148
signer0_sample692,148
signer0_sample921,148
signer0_sample1212,149
signer0_sample237,149
signer0_sample494,149
signer0_sample707,149
signer0_sample80,149
signer0_sample850,149
signer0_sample1215,150
signer0_sample203,150
signer0_sample32,150
signer0_sample570,150
signer0_sample622,150
signer0_sample740,150
signer0_sample1033,151
signer0_sample1190,151
signer0_sample201,151
signer0_sample607,151
signer0_sample639,151
signer0_sample658,151
signer0_sample110,152
signer0_sample180,152
signer0_sample196,152
signer0_sample283,152
signer0_sample589,152
signer0_sample842,152
signer0_sample1214,153
signer0_sample1289,153
signer0_sample1344,153
signer0_sample469,153
signer0_sample525,153
signer0_sample701,153
signer0_sample1068,154
signer0_sample1117,154
signer0_sample327,154
signer0_sample44,154
signer0_sample568,154
signer0_sample643,154
signer0_sample1073,155
signer0_sample381,155
signer0_sample443,155
signer0_sample709,155
signer0_sample822,155
signer0_sample968,155
signer0_sample1049,156
signer0_sample289,156
signer0_sample373,156
signer0_sample511,156
signer0_sample716,156
signer0_sample975,156
signer0_sample1007,157
signer0_sample1041,157
signer0_sample1156,157
signer0_sample179,157
signer0_sample270,157
signer0_sample417,157
signer0_sample1183,158
signer0_sample1309,158
signer0_sample688,158
signer0_sample772,158
signer0_sample781,158
signer0_sample840,158
signer0_sample108,159
signer0_sample1152,159
signer0_sample653,159
signer0_sample676,159
signer0_sample893,159
signer0_sample963,159
signer0_sample11,160
signer0_sample1334,160
signer0_sample529,160
signer0_sample602,160
signer0_sample67,160
signer0_sample885,160
signer0_sample131,161
signer0_sample165,161
signer0_sample166,161
signer0_sample389,161
signer0_sample584,161
signer0_sample682,161
signer0_sample1020,162
signer0_sample1206,162
signer0_sample1294,162
signer0_sample18,162
signer0_sample222,162
signer0_sample311,162
signer0_sample1120,163
signer0_sample1342,163
signer0_sample403,163
signer0_sample411,163
signer0_sample787,163
signer0_sample99,163
signer0_sample1000,164
signer0_sample227,164
signer0_sample241,164
signer0_sample491,164
signer0_sample686,164
signer0_sample829,164
signer0_sample1099,165
signer0_sample1197,165
signer0_sample1222,165
signer0_sample1268,165
signer0_sample587,165
signer0_sample952,165
signer0_sample1167,166
signer0_sample15,166
signer0_sample264,166
signer0_sample366,166
signer0_sample460,166
signer0_sample528,166
signer0_sample1097,167
signer0_sample272,167
signer0_sample399,167
signer0_sample601,167
signer0_sample655,167
signer0_sample874,167
signer0_sample1261,168
signer0_sample153,168
signer0_sample348,168
signer0_sample680,168
signer0_sample832,168
signer0_sample988,168
signer0_sample1287,169
signer0_sample139,169
signer0_sample784,169
signer0_sample1094,170
signer0_sample1144,170
signer0_sample1216,170
signer0_sample521,170
signer0_sample554,170
signer0_sample63,170
signer0_sample142,171
signer0_sample254,171
signer0_sample640,171
signer0_sample659,171
signer0_sample725,171
signer0_sample816,171
signer0_sample302,172
signer0_sample583,172
signer0_sample813,172
signer0_sample821,172
signer0_sample871,172
signer0_sample919,172
signer0_sample1069,173
signer0_sample1119,173
signer0_sample138,173
signer0_sample467,173
signer0_sample49,173
signer0_sample993,173
signer0_sample1199,174
signer0_sample346,174
signer0_sample629,174
signer0_sample802,174
signer0_sample868,174
signer0_sample916,174
signer0_sample1098,175
signer0_sample1312,175
signer0_sample613,175
signer0_sample777,175
signer0_sample88,175
signer0_sample976,175
signer0_sample1238,176
signer0_sample1311,176
signer0_sample626,176
signer0_sample819,176
signer0_sample917,176
signer0_sample944,176
signer0_sample1277,177
signer0_sample1335,177
signer0_sample194,177
signer0_sample28,177
signer0_sample333,177
signer0_sample519,177
signer0_sample1051,178
signer0_sample1253,178
signer0_sample167,178
signer0_sample497,178
signer0_sample66,178
signer0_sample926,178
signer0_sample1063,179
signer0_sample1234,179
signer0_sample285,179
signer0_sample336,179
signer0_sample877,179
signer0_sample980,179
signer0_sample269,180
signer0_sample287,180
signer0_sample462,180
signer0_sample833,180
signer0_sample851,180
signer0_sample961,180
signer0_sample112,181
signer0_sample1237,181
signer0_sample442,181
signer0_sample648,181
signer0_sample747,181
signer0_sample914,181
signer0_sample1038,182
signer0_sample1188,182
signer0_sample1337,182
signer0_sample293,182
signer0_sample363,182
signer0_sample698,182
signer0_sample208,183
signer0_sample23,183
signer0_sample329,183
signer0_sample344,183
signer0_sample581,183
signer0_sample603,183
signer0_sample1001,184
signer0_sample1132,184
signer0_sample1248,184
signer0_sample278,184
signer0_sample662,184
signer0_sample882,184
signer0_sample1058,185
signer0_sample362,185
signer0_sample438,185
signer0_sample87,185
signer0_sample947,185
signer0_sample959,185
signer0_sample119,186
signer0_sample1263,186
signer0_sample377,186
signer0_sample748,186
signer0_sample815,186
signer0_sample835,186
signer0_sample1319,187
signer0_sample1320,187
signer0_sample310,187
signer0_sample400,187
signer0_sample532,187
signer0_sample899,187
signer0_sample1272,188
signer0_sample1306,188
signer0_sample297,188
signer0_sample304,188
signer0_sample588,188
signer0_sample632,188
signer0_sample1027,189
signer0_sample186,189
signer0_sample51,189
signer0_sample580,189
signer0_sample728,189
signer0_sample735,189
signer0_sample116,190
signer0_sample1176,190
signer0_sample1208,190
signer0_sample154,190
signer0_sample384,190
signer0_sample435,190
signer0_sample1194,191
signer0_sample191,191
signer0_sample206,191
signer0_sample409,191
signer0_sample5,191
signer0_sample895,191
signer0_sample1072,192
signer0_sample1085,192
signer0_sample1110,192
signer0_sample1165,192
signer0_sample233,192
signer0_sample810,192
signer0_sample1153,193
signer0_sample134,193
signer0_sample1348,193
signer0_sample387,193
signer0_sample837,193
signer0_sample879,193
signer0_sample1101,194
signer0_sample1149,194
signer0_sample422,194
signer0_sample641,194
signer0_sample828,194
signer0_sample954,194
signer0_sample1032,195
signer0_sample163,195
signer0_sample457,195
signer0_sample595,195
signer0_sample856,195
signer0_sample981,195
signer0_sample1066,196
signer0_sample1346,196
signer0_sample1350,196
signer0_sample565,196
signer0_sample614,196
signer0_sample619,196
signer0_sample1343,197
signer0_sample198,197
signer0_sample423,197
signer0_sample425,197
signer0_sample57,197
signer0_sample633,197
signer0_sample1047,198
signer0_sample1128,198
signer0_sample252,198
signer0_sample585,198
signer0_sample625,198
signer0_sample796,198
signer0_sample1164,199
signer0_sample1185,199
signer0_sample225,199
signer0_sample305,199
signer0_sample320,199
signer0_sample385,199
signer0_sample485,200
signer0_sample538,200
signer0_sample55,200
signer0_sample604,200
signer0_sample703,200
signer0_sample704,200
signer0_sample1171,201
signer0_sample24,201
signer0_sample496,201
signer0_sample757,201
signer0_sample762,201
signer0_sample826,201
signer0_sample1095,202
signer0_sample1106,202
signer0_sample173,202
signer0_sample19,202
signer0_sample553,202
signer0_sample855,202
signer0_sample1031,203
signer0_sample1122,203
signer0_sample739,203
signer0_sample804,203
signer0_sample853,203
signer0_sample998,203
signer0_sample115,204
signer0_sample200,204
signer0_sample374,204
signer0_sample540,204
signer0_sample600,204
signer0_sample958,204
signer0_sample202,205
signer0_sample3,205
signer0_sample31,205
signer0_sample337,205
signer0_sample667,205
signer0_sample875,205
signer0_sample1218,206
signer0_sample555,206
signer0_sample572,206
signer0_sample64,206
signer0_sample738,206
signer0_sample941,206
signer0_sample101,207
signer0_sample1025,207
signer0_sample175,207
signer0_sample253,207
signer0_sample355,207
signer0_sample647,207
signer0_sample1131,208
signer0_sample263,208
signer0_sample424,208
signer0_sample551,208
signer0_sample68,208
signer0_sample805,208
signer0_sample1123,209
signer0_sample415,209
signer0_sample567,209
signer0_sample669,209
signer0_sample74,209
signer0_sample978,209
signer0_sample1242,210
signer0_sample368,210
signer0_sample407,210
signer0_sample861,210
signer0_sample876,210
signer0_sample905,210
signer0_sample238,211
signer0_sample541,211
signer0_sample900,211
signer0_sample925,211
signer0_sample932,211
signer0_sample955,211
signer0_sample1054,212
signer0_sample1195,212
signer0_sample451,212
signer0_sample53,212
signer0_sample642,212
signer0_sample913,212
signer0_sample117,213
signer0_sample1338,213
signer0_sample537,213
signer0_sample666,213
signer0_sample817,213
signer0_sample86,213
signer0_sample1162,214
signer0_sample120,214
signer0_sample187,214
signer0_sample478,214
signer0_sample574,214
signer0_sample962,214
signer0_sample1083,215
signer0_sample1247,215
signer0_sample13,215
signer0_sample151,215
signer0_sample155,215
signer0_sample199,215
signer0_sample1040,216
signer0_sample277,216
signer0_sample493,216
signer0_sample543,216
signer0_sample849,216
signer0_sample912,216
signer0_sample1045,217
signer0_sample126,217
signer0_sample156,217
signer0_sample545,217
signer0_sample883,217
signer0_sample977,217
signer0_sample221,218
signer0_sample558,218
signer0_sample608,218
signer0_sample685,218
signer0_sample746,218
signer0_sample971,218
signer0_sample1014,219
signer0_sample1173,219
signer0_sample205,219
signer0_sample218,219
signer0_sample243,219
signer0_sample672,219
signer0_sample170,220
signer0_sample334,220
signer0_sample398,220
signer0_sample573,220
signer0_sample612,220
signer0_sample731,220
signer0_sample1016,221
signer0_sample1243,221
signer0_sample512,221
signer0_sample782,221
signer0_sample948,221
signer0_sample95,221
signer0_sample105,222
signer0_sample1235,222
signer0_sample132,222
signer0_sample347,222
signer0_sample764,222
signer0_sample84,222
signer0_sample1126,223
signer0_sample176,223
signer0_sample396,223
signer0_sample449,223
signer0_sample536,223
signer0_sample606,223
signer0_sample1023,224
signer0_sample36,224
signer0_sample365,224
signer0_sample776,224
signer0_sample90,224
signer0_sample935,224
signer0_sample103,225
signer0_sample1139,225
signer0_sample1145,225
signer0_sample251,225
signer0_sample673,225
signer0_sample8,225
